year,no_phaseout_total,phaseout_total
2024,391504607385.04584,283828897362.61945
