filing_status,total_no_phaseout,total_phaseout
mfj,276442014375.55554,208830159967.41046
single,115062593667.25964,74998737945.97076
