filing_status,total_no_phaseout,total_phaseout
mfj,276442014600.61017,208830160014.61356
single,115062592784.4357,74998737348.00592
