filing_status,total_no_phaseout,total_phaseout
mfj,310609012608.40173,255647108282.70917
single,129283815232.3712,89688361501.58244
