filing_status,total_no_phaseout,total_phaseout
mfj,278790114124.9205,198957303118.48328
single,135677519941.45192,87141016681.8798
