year,share_wages_single_75k_125k,share_wages_mfj_150k_200k
2024,0.0463404423034759,0.09907776149299795
