decile,weighted_total
1,4341722682.40098
2,3837464832.0689597
3,2913229801.087677
4,866405139.2815764
5,538078291.8290187
6,11875134.599849075
7,0.0
8,0.0
9,0.0
10,0.0
