decile,weighted_total
1,4341722644.57907
2,3837464865.292652
3,2913229772.9887686
4,866405136.9161448
5,538078290.2623143
6,11875134.737561742
7,0.0
8,0.0
9,0.0
10,0.0
