size_bucket,weighted_total
1,1888824396.7574406
2,2935559381.4742446
3,3676097491.3851867
4,1812294972.6455898
5,1556945075.7450485
6,588309320.6278291
7,50745206.14117055
