size_bucket,weighted_total
1,1888824405.4282439
2,2935559417.313761
3,3676097443.3049936
4,1812294984.308519
5,1556945088.7143836
6,588309335.2014006
7,50745206.99675886
