decile,weighted_total
1,8150900857.679422
2,7490937091.478368
3,5021481652.239825
4,7068057477.514527
5,5839538998.071092
6,4728998360.246748
7,4180389753.195057
8,1741867686.3732405
9,0.0
10,0.0
