size_bucket,weighted_total
1,3708113688.857291
2,12099420890.975048
3,12278625262.804106
4,7452264310.380077
5,6386660324.375287
6,1797672894.954627
7,499414504.4518435
