status_group,weighted_total
MFJ,30885011713.26629
Single/Other,13337160038.297672
