size_bucket,weighted_total
1,3708113692.3093233
2,12099420774.079342
3,12278625361.969639
4,7452264287.588757
5,6386660277.921686
6,1797672857.1943958
7,499414500.5008241
